metric,strategy,benchmark_spy
total_return,1.7196544287841413,0.701200958986198
annualized_return,0.25786409377616004,0.19517265210092005
volatility,0.25528231930138606,0.17683504126990945
sharpe_ratio,1.0252538066015182,1.0963977035060266
max_drawdown,-0.2784042521932999,-0.18755232405185518
