metric,strategy,benchmark_spy,benchmark_qqq
total_return,0.6690945503487922,0.6163933841686859,1.0545977961415645
annualized_return,0.10620388945395232,0.1041845205908909,0.17238026617985458
volatility,0.12836744022070062,0.1636601848339044,0.20880758089119264
sharpe_ratio,0.8505523465651508,0.6887126857143563,0.8646671914142452
max_drawdown,-0.21715392186347438,-0.2536057358303696,-0.3360659780604537
